Disk Block Size iotserver,sda,sda1,sda2,dm-0,dm-1
2017-12-12 07:09:11,12.0,0.0,12.0,12.0,0.0
2017-12-12 07:09:12,7.8,0.0,9.4,9.4,0.0
2017-12-12 07:09:13,1.2,0.0,2.0,2.0,0.0
2017-12-12 07:09:14,1.2,0.0,2.0,2.0,0.0
2017-12-12 07:09:15,2.2,0.0,3.7,2.8,0.0
2017-12-12 07:09:16,1.2,0.0,2.0,2.0,0.0
2017-12-12 07:09:17,1.2,0.0,2.0,2.0,0.0
2017-12-12 07:09:18,9.8,0.0,10.8,8.0,0.0
2017-12-12 07:09:19,1.7,0.0,3.0,2.4,0.0
2017-12-12 07:09:20,1.2,0.0,2.0,2.0,0.0
2017-12-12 07:09:21,1.2,0.0,2.0,2.0,0.0
2017-12-12 07:09:22,1.2,0.0,2.0,2.0,0.0
2017-12-12 07:09:23,0.0,0.0,0.0,0.0,0.0
2017-12-12 07:09:25,0.0,0.0,0.0,0.0,0.0
2017-12-12 07:09:26,0.0,0.0,0.0,0.0,0.0
2017-12-12 07:09:27,0.0,0.0,0.0,0.0,0.0
2017-12-12 07:09:28,0.0,0.0,0.0,0.0,0.0
2017-12-12 07:09:29,0.0,0.0,0.0,0.0,0.0
2017-12-12 07:09:30,0.0,0.0,0.0,0.0,0.0
2017-12-12 07:09:31,0.0,0.0,0.0,0.0,0.0
2017-12-12 07:09:32,0.0,0.0,0.0,0.0,0.0
2017-12-12 07:09:33,0.0,0.0,0.0,0.0,0.0
2017-12-12 07:09:34,0.0,0.0,0.0,0.0,0.0
2017-12-12 07:09:35,0.0,0.0,0.0,0.0,0.0
2017-12-12 07:09:36,0.0,0.0,0.0,0.0,0.0
2017-12-12 07:09:37,0.0,0.0,0.0,0.0,0.0
2017-12-12 07:09:38,0.0,0.0,0.0,0.0,0.0
2017-12-12 07:09:39,0.0,0.0,0.0,0.0,0.0
