Time,+PID,%CPU,%Usr,%Sys,Size,ResSet,ResText,ResData,ShdLib,MinorFault,MajorFault,Command
2017-12-12 07:09:13,0001994,22.89,22.89,0.00,7268,100,20,188,0,0,0,stress
2017-12-12 07:09:13,0001995,18.91,0.00,18.91,7268,100,20,188,0,0,0,stress
2017-12-12 07:09:13,0001996,18.91,0.00,18.91,7268,100,20,188,0,0,0,stress
2017-12-12 07:09:13,0001997,18.91,0.00,18.91,7268,100,20,188,0,0,0,stress
2017-12-12 07:09:13,0001998,18.91,0.00,18.91,7268,100,20,188,0,0,0,stress
2017-12-12 07:09:13,0001922,1.00,0.00,1.00,16104,1052,148,2412,660,196,0,nmon
2017-12-12 07:09:14,0001994,22.89,22.89,0.00,7268,100,20,188,0,0,0,stress
2017-12-12 07:09:14,0001995,18.91,0.00,18.91,7268,100,20,188,0,0,0,stress
2017-12-12 07:09:14,0001996,18.91,0.00,18.91,7268,100,20,188,0,0,0,stress
2017-12-12 07:09:14,0001997,18.91,0.00,18.91,7268,100,20,188,0,0,0,stress
2017-12-12 07:09:14,0001998,18.91,0.00,18.91,7268,100,20,188,0,0,0,stress
2017-12-12 07:09:15,0001994,22.86,22.86,0.00,7268,100,20,188,0,0,0,stress
2017-12-12 07:09:15,0001998,19.87,0.00,19.87,7268,100,20,188,0,0,0,stress
2017-12-12 07:09:15,0001995,18.88,0.00,18.88,7268,100,20,188,0,0,0,stress
2017-12-12 07:09:15,0001996,18.88,0.00,18.88,7268,100,20,188,0,0,0,stress
2017-12-12 07:09:15,0001997,18.88,0.00,18.88,7268,100,20,188,0,0,0,stress
2017-12-12 07:09:15,0001922,0.99,0.99,0.00,16104,1052,148,2412,660,186,0,nmon
2017-12-12 07:09:16,0001994,23.90,23.90,0.00,7268,100,20,188,0,0,0,stress
2017-12-12 07:09:16,0001995,19.91,0.00,19.91,7268,100,20,188,0,0,0,stress
2017-12-12 07:09:16,0001996,18.92,0.00,18.92,7268,100,20,188,0,0,0,stress
2017-12-12 07:09:16,0001997,18.92,0.00,18.92,7268,100,20,188,0,0,0,stress
2017-12-12 07:09:16,0001998,18.92,0.00,18.92,7268,100,20,188,0,0,0,stress
2017-12-12 07:09:17,0001994,22.89,22.89,0.00,7268,100,20,188,0,0,0,stress
2017-12-12 07:09:17,0001996,19.90,0.00,19.90,7268,100,20,188,0,0,0,stress
2017-12-12 07:09:17,0001995,18.91,0.00,18.91,7268,100,20,188,0,0,0,stress
2017-12-12 07:09:17,0001997,18.91,0.00,18.91,7268,100,20,188,0,0,0,stress
2017-12-12 07:09:17,0001998,18.91,0.00,18.91,7268,100,20,188,0,0,0,stress
2017-12-12 07:09:18,0001994,20.90,20.90,0.00,7268,100,20,188,0,0,0,stress
2017-12-12 07:09:18,0001997,19.90,0.00,19.90,7268,100,20,188,0,0,0,stress
2017-12-12 07:09:18,0001998,19.90,0.00,19.90,7268,100,20,188,0,0,0,stress
2017-12-12 07:09:18,0001995,18.91,0.00,18.91,7268,100,20,188,0,0,0,stress
2017-12-12 07:09:18,0001996,18.91,0.00,18.91,7268,100,20,188,0,0,0,stress
2017-12-12 07:09:18,0001922,1.00,0.00,1.00,16104,1052,148,2412,660,187,0,nmon
2017-12-12 07:09:19,0001994,21.84,21.84,0.00,7268,100,20,188,0,0,0,stress
2017-12-12 07:09:19,0001995,19.86,0.00,19.86,7268,100,20,188,0,0,0,stress
2017-12-12 07:09:19,0001996,19.86,0.00,19.86,7268,100,20,188,0,0,0,stress
2017-12-12 07:09:19,0001997,18.87,0.00,18.87,7268,100,20,188,0,0,0,stress
2017-12-12 07:09:19,0001998,18.87,0.00,18.87,7268,100,20,188,0,0,0,stress
2017-12-12 07:09:19,0000039,0.99,0.00,0.99,0,0,0,0,0,0,0,kworker/u2:1
2017-12-12 07:09:20,0001994,21.79,21.79,0.00,7268,100,20,188,0,0,0,stress
2017-12-12 07:09:20,0001995,19.81,0.00,19.81,7268,100,20,188,0,0,0,stress
2017-12-12 07:09:20,0001997,19.81,0.00,19.81,7268,100,20,188,0,0,0,stress
2017-12-12 07:09:20,0001998,19.81,0.00,19.81,7268,100,20,188,0,0,0,stress
2017-12-12 07:09:20,0001996,18.82,0.00,18.82,7268,100,20,188,0,0,0,stress
2017-12-12 07:09:21,0001994,21.88,21.88,0.00,7268,100,20,188,0,0,0,stress
2017-12-12 07:09:21,0001996,19.89,0.00,19.89,7268,100,20,188,0,0,0,stress
2017-12-12 07:09:21,0001995,18.90,0.00,18.90,7268,100,20,188,0,0,0,stress
2017-12-12 07:09:21,0001997,18.90,0.00,18.90,7268,100,20,188,0,0,0,stress
2017-12-12 07:09:21,0001998,18.90,0.00,18.90,7268,100,20,188,0,0,0,stress
2017-12-12 07:09:22,0001922,1.00,0.00,1.00,16104,1052,148,2412,660,187,0,nmon
2017-12-12 07:09:25,0001922,0.99,0.00,0.99,16104,1052,148,2412,660,174,0,nmon
2017-12-12 07:09:25,0002793,0.99,0.00,0.99,0,0,0,0,0,0,0,kworker/0:2
2017-12-12 07:09:26,0000001,0.99,0.00,0.99,54096,6332,1320,10564,3892,0,0,systemd
2017-12-12 07:09:26,0001922,0.99,0.99,0.00,16104,1052,148,2412,660,174,0,nmon
2017-12-12 07:09:26,0002343,0.99,0.00,0.99,142972,5512,768,928,4228,0,0,sshd
2017-12-12 07:09:27,0001922,0.99,0.00,0.99,16104,1052,148,2412,660,174,0,nmon
2017-12-12 07:09:29,0001922,1.98,0.99,0.99,16104,1052,148,2412,660,174,0,nmon
2017-12-12 07:09:29,0012459,0.99,0.99,0.00,562400,16564,4,304476,5880,0,0,tuned
2017-12-12 07:09:30,0001922,0.99,0.00,0.99,16104,1052,148,2412,660,174,0,nmon
2017-12-12 07:09:33,0001922,1.98,0.99,0.99,16104,1052,148,2412,660,174,0,nmon
2017-12-12 07:09:33,0001895,0.99,0.00,0.99,157588,2108,96,1048,1504,0,0,top
2017-12-12 07:09:35,0001922,0.99,0.00,0.99,16104,1052,148,2412,660,174,0,nmon
2017-12-12 07:09:37,0001922,0.99,0.00,0.99,16104,1052,148,2412,660,174,0,nmon
2017-12-12 07:09:37,0002343,0.99,0.00,0.99,142972,5512,768,928,4228,0,0,sshd
2017-12-12 07:09:38,0001922,0.99,0.00,0.99,16104,1052,148,2412,660,174,0,nmon
2017-12-12 07:09:39,0001895,0.99,0.99,0.00,157588,2108,96,1048,1504,0,0,top
2017-12-12 07:09:39,0001922,0.99,0.99,0.00,16104,1052,148,2412,660,174,0,nmon
